"file","entry_index","phase","placeholder","value"
"Day20250924.v4.Math-60.d4j140-gpt_4_o.txt","864","TestBehaviorAnalysis","assistant_role","Test Code Reviewer"
"Day20250924.v4.Math-60.d4j140-gpt_4_o.txt","864","TestBehaviorAnalysis","failed_tests","""1) org.apache.commons.math.distribution.NormalDistributionTest::testExtremeValues"
"Day20250924.v4.Math-60.d4j140-gpt_4_o.txt","864","TestBehaviorAnalysis","test_codes","""```java
/**
     * Check to make sure top-coding of extreme values works correctly.
     * Verifies fixes for JIRA MATH-167, MATH-414
     */
    public void testExtremeValues() throws Exception {
        NormalDistribution distribution = new NormalDistributionImpl(0, 1);
        for (int i = 0; i < 100; i++) { // make sure no convergence exception
            double lowerTail = distribution.cumulativeProbability(-i);
            double upperTail = distribution.cumulativeProbability(i);
            if (i < 9) { // make sure not top-coded 
                // For i = 10, due to bad tail precision in erf (MATH-364), 1 is returned
                // TODO: once MATH-364 is resolved, replace 9 with 30
                assertTrue(lowerTail > 0.0d);
                assertTrue(upperTail < 1.0d);
            }
            else { // make sure top coding not reversed
                assertTrue(lowerTail < 0.00001);
                assertTrue(upperTail > 0.99999);
            }
        }
        
        assertEquals(distribution.cumulativeProbability(Double.MAX_VALUE), 1, 0); // error occurred here
        assertEquals(distribution.cumulativeProbability(-Double.MAX_VALUE), 0, 0);
        assertEquals(distribution.cumulativeProbability(Double.POSITIVE_INFINITY), 1, 0);
        assertEquals(distribution.cumulativeProbability(Double.NEGATIVE_INFINITY), 0, 0);
        
   }

```"""
"Day20250924.v4.Math-60.d4j140-gpt_4_o.txt","864","TestBehaviorAnalysis","test_suite","org.apache.commons.math.distribution.NormalDistributionTest"
"Day20250924.v4.Math-60.d4j140-gpt_4_o.txt","864","TestBehaviorAnalysis","test_utility_methods","""```java
/**
     * Constructor for NormalDistributionTest.
     * @param arg0
     */
    public NormalDistributionTest(String arg0) {
        super(arg0);
    }

/** Creates the default continuous distribution instance to use in tests. */
    @Override
    public NormalDistribution makeDistribution() {
        return new NormalDistributionImpl(2.1, 1.4);
    }

/** Creates the default cumulative probability distribution test input values */
    @Override
    public double[] makeCumulativeTestPoints() {
        // quantiles computed using R
        return new double[] {-2.226325228634938d, -1.156887023657177d, -0.643949578356075d, -0.2027950777320613d, 0.305827808237559d,
                6.42632522863494d, 5.35688702365718d, 4.843949578356074d, 4.40279507773206d, 3.89417219176244d};
    }

/** Creates the default cumulative probability density test expected values */
    @Override
    public double[] makeCumulativeTestValues() {
        return new double[] {0.001d, 0.01d, 0.025d, 0.05d, 0.1d, 0.999d,
                0.990d, 0.975d, 0.950d, 0.900d};
    }

/** Creates the default probability density test expected values */
    @Override
    public double[] makeDensityTestValues() {
        return new double[] {0.00240506434076, 0.0190372444310, 0.0417464784322, 0.0736683145538, 0.125355951380,
                0.00240506434076, 0.0190372444310, 0.0417464784322, 0.0736683145538, 0.125355951380};
    }


    @Override
    protected void setUp() throws Exception {
        super.setUp();
        setTolerance(defaultTolerance);
    }

```"""
"Day20250924.v4.Math-60.d4j140-gpt_4_o.txt","864","TestBehaviorAnalysis","assistant_response_text","Certainly! Let's break down the test code and utility methods to understand the logic and identify potential issues.

'''
1) Explanation for `testExtremeValues`:

The `testExtremeValues` method is designed to verify the behavior of the `NormalDistributionImpl` class when dealing with extreme values. The test aims to ensure that the cumulative probability function handles both very large and very small input values correctly, without causing convergence exceptions or incorrect top-coding.

- **Initialization**: The test begins by creating an instance of `NormalDistributionImpl` with a mean of 0 and a standard deviation of 1, representing a standard normal distribution.

- **Loop for Extreme Values**: The test iterates over a range of integers from 0 to 99. For each integer `i`:
  - It calculates the cumulative probability for `-i` (lower tail) and `i` (upper tail).
  - For `i` less than 9, it asserts that the lower tail probability is greater than 0 and the upper tail probability is less than 1. This ensures that the probabilities are not top-coded prematurely.
  - For `i` greater than or equal to 9, it asserts that the lower tail probability is less than 0.00001 and the upper tail probability is greater than 0.99999, ensuring that top-coding occurs correctly for extreme values.

- **Assertions for Extreme Double Values**: The test then checks the cumulative probability for extreme double values:
  - `Double.MAX_VALUE` should return a cumulative probability of 1, indicating that virtually all of the distribution's probability mass is below this value.
  - `-Double.MAX_VALUE` should return a cumulative probability of 0, indicating that virtually none of the distribution's probability mass is below this value.
  - `Double.POSITIVE_INFINITY` should return 1, and `Double.NEGATIVE_INFINITY` should return 0, as these represent the theoretical bounds of the distribution.

- **Error Occurrence**: The error occurs at the assertion `assertEquals(distribution.cumulativeProbability(Double.MAX_VALUE), 1, 0);`. This suggests that the cumulative probability for `Double.MAX_VALUE` is not being calculated as 1, which could be due to precision issues or incorrect handling of extreme values in the `NormalDistributionImpl` class.

2) Explanation for Utility Methods:

- **Constructor**: The `NormalDistributionTest` constructor takes a string argument `arg0` and passes it to the superclass constructor. This is typical for JUnit 3-style test cases, where the test name is passed to the constructor.

- **makeDistribution**: This method creates a `NormalDistributionImpl` instance with a mean of 2.1 and a standard deviation of 1.4. This is used as the default distribution for other tests, but not directly in `testExtremeValues`.

- **makeCumulativeTestPoints**: This method returns an array of double values representing quantiles computed using R. These values are used in other tests to verify the cumulative distribution function.

- **makeCumulativeTestValues**: This method returns an array of expected cumulative probabilities corresponding to the test points. These are used to verify the accuracy of the cumulative distribution function.

- **makeDensityTestValues**: This method returns an array of expected probability density values for the test points. These are used to verify the accuracy of the probability density function.

- **setUp**: This method is part of the JUnit lifecycle and is called before each test. It calls the superclass `setUp` method and sets a default tolerance for floating-point comparisons.

Overall, the `testExtremeValues` method is focused on ensuring that the `NormalDistributionImpl` class handles extreme input values correctly, while the utility methods provide support for other tests by setting up default distributions and expected values.
'''"
"Day20250924.v4.Math-60.d4j140-gpt_4_o.txt","864","TestBehaviorAnalysis","assistant_response","               --Minh 0. response: ChatCompletion(id='chatcmpl-CIyvUCdNfVAA2JT0Uh0HEQQabExI2', choices=[Choice(finish_reason='stop', index=0, logprobs=None, message=ChatCompletionMessage(content=""Certainly! Let's break down the test code and utility methods to understand the logic and identify potential issues.\n\n'''\n1) Explanation for `testExtremeValues`:\n\nThe `testExtremeValues` method is designed to verify the behavior of the `NormalDistributionImpl` class when dealing with extreme values. The test aims to ensure that the cumulative probability function handles both very large and very small input values correctly, without causing convergence exceptions or incorrect top-coding.\n\n- **Initialization**: The test begins by creating an instance of `NormalDistributionImpl` with a mean of 0 and a standard deviation of 1, representing a standard normal distribution.\n\n- **Loop for Extreme Values**: The test iterates over a range of integers from 0 to 99. For each integer `i`:\n  - It calculates the cumulative probability for `-i` (lower tail) and `i` (upper tail).\n  - For `i` less than 9, it asserts that the lower tail probability is greater than 0 and the upper tail probability is less than 1. This ensures that the probabilities are not top-coded prematurely.\n  - For `i` greater than or equal to 9, it asserts that the lower tail probability is less than 0.00001 and the upper tail probability is greater than 0.99999, ensuring that top-coding occurs correctly for extreme values.\n\n- **Assertions for Extreme Double Values**: The test then checks the cumulative probability for extreme double values:\n  - `Double.MAX_VALUE` should return a cumulative probability of 1, indicating that virtually all of the distribution's probability mass is below this value.\n  - `-Double.MAX_VALUE` should return a cumulative probability of 0, indicating that virtually none of the distribution's probability mass is below this value.\n  - `Double.POSITIVE_INFINITY` should return 1, and `Double.NEGATIVE_INFINITY` should return 0, as these represent the theoretical bounds of the distribution.\n\n- **Error Occurrence**: The error occurs at the assertion `assertEquals(distribution.cumulativeProbability(Double.MAX_VALUE), 1, 0);`. This suggests that the cumulative probability for `Double.MAX_VALUE` is not being calculated as 1, which could be due to precision issues or incorrect handling of extreme values in the `NormalDistributionImpl` class.\n\n2) Explanation for Utility Methods:\n\n- **Constructor**: The `NormalDistributionTest` constructor takes a string argument `arg0` and passes it to the superclass constructor. This is typical for JUnit 3-style test cases, where the test name is passed to the constructor.\n\n- **makeDistribution**: This method creates a `NormalDistributionImpl` instance with a mean of 2.1 and a standard deviation of 1.4. This is used as the default distribution for other tests, but not directly in `testExtremeValues`.\n\n- **makeCumulativeTestPoints**: This method returns an array of double values representing quantiles computed using R. These values are used in other tests to verify the cumulative distribution function.\n\n- **makeCumulativeTestValues**: This method returns an array of expected cumulative probabilities corresponding to the test points. These are used to verify the accuracy of the cumulative distribution function.\n\n- **makeDensityTestValues**: This method returns an array of expected probability density values for the test points. These are used to verify the accuracy of the probability density function.\n\n- **setUp**: This method is part of the JUnit lifecycle and is called before each test. It calls the superclass `setUp` method and sets a default tolerance for floating-point comparisons.\n\nOverall, the `testExtremeValues` method is focused on ensuring that the `NormalDistributionImpl` class handles extreme input values correctly, while the utility methods provide support for other tests by setting up default distributions and expected values.\n'''"", refusal=None, role='assistant', annotations=[], audio=None, function_call=None, tool_calls=None))], created=1758640140, model='gpt-4o-2024-08-06', object='chat.completion', service_tier='default', system_fingerprint='fp_cbf1785567', usage=CompletionUsage(completion_tokens=784, prompt_tokens=1068, total_tokens=1852, completion_tokens_details=CompletionTokensDetails(accepted_prediction_tokens=0, audio_tokens=0, reasoning_tokens=0, rejected_prediction_tokens=0), prompt_tokens_details=PromptTokensDetails(audio_tokens=0, cached_tokens=0))),"
"Day20250924.v4.Math-60.d4j140-gpt_4_o.txt","1680","TestFailureAnalysis","assistant_role","Software Test Engineer"
"Day20250924.v4.Math-60.d4j140-gpt_4_o.txt","1680","TestFailureAnalysis","failed_tests","""1) org.apache.commons.math.distribution.NormalDistributionTest::testExtremeValues"
"Day20250924.v4.Math-60.d4j140-gpt_4_o.txt","1680","TestFailureAnalysis","test_behavior","""Certainly! Let's break down the test code and utility methods to understand the logic and identify potential issues.

'''
1) Explanation for `testExtremeValues`:

The `testExtremeValues` method is designed to verify the behavior of the `NormalDistributionImpl` class when dealing with extreme values. The test aims to ensure that the cumulative probability function handles both very large and very small input values correctly, without causing convergence exceptions or incorrect top-coding.

- **Initialization**: The test begins by creating an instance of `NormalDistributionImpl` with a mean of 0 and a standard deviation of 1, representing a standard normal distribution.

- **Loop for Extreme Values**: The test iterates over a range of integers from 0 to 99. For each integer `i`:
  - It calculates the cumulative probability for `-i` (lower tail) and `i` (upper tail).
  - For `i` less than 9, it asserts that the lower tail probability is greater than 0 and the upper tail probability is less than 1. This ensures that the probabilities are not top-coded prematurely.
  - For `i` greater than or equal to 9, it asserts that the lower tail probability is less than 0.00001 and the upper tail probability is greater than 0.99999, ensuring that top-coding occurs correctly for extreme values.

- **Assertions for Extreme Double Values**: The test then checks the cumulative probability for extreme double values:
  - `Double.MAX_VALUE` should return a cumulative probability of 1, indicating that virtually all of the distribution's probability mass is below this value.
  - `-Double.MAX_VALUE` should return a cumulative probability of 0, indicating that virtually none of the distribution's probability mass is below this value.
  - `Double.POSITIVE_INFINITY` should return 1, and `Double.NEGATIVE_INFINITY` should return 0, as these represent the theoretical bounds of the distribution.

- **Error Occurrence**: The error occurs at the assertion `assertEquals(distribution.cumulativeProbability(Double.MAX_VALUE), 1, 0);`. This suggests that the cumulative probability for `Double.MAX_VALUE` is not being calculated as 1, which could be due to precision issues or incorrect handling of extreme values in the `NormalDistributionImpl` class.

2) Explanation for Utility Methods:

- **Constructor**: The `NormalDistributionTest` constructor takes a string argument `arg0` and passes it to the superclass constructor. This is typical for JUnit 3-style test cases, where the test name is passed to the constructor.

- **makeDistribution**: This method creates a `NormalDistributionImpl` instance with a mean of 2.1 and a standard deviation of 1.4. This is used as the default distribution for other tests, but not directly in `testExtremeValues`.

- **makeCumulativeTestPoints**: This method returns an array of double values representing quantiles computed using R. These values are used in other tests to verify the cumulative distribution function.

- **makeCumulativeTestValues**: This method returns an array of expected cumulative probabilities corresponding to the test points. These are used to verify the accuracy of the cumulative distribution function.

- **makeDensityTestValues**: This method returns an array of expected probability density values for the test points. These are used to verify the accuracy of the probability density function.

- **setUp**: This method is part of the JUnit lifecycle and is called before each test. It calls the superclass `setUp` method and sets a default tolerance for floating-point comparisons.

Overall, the `testExtremeValues` method is focused on ensuring that the `NormalDistributionImpl` class handles extreme input values correctly, while the utility methods provide support for other tests by setting up default distributions and expected values.
'''"""
"Day20250924.v4.Math-60.d4j140-gpt_4_o.txt","1680","TestFailureAnalysis","test_infos","1) Failed Test: org.apache.commons.math.distribution.NormalDistributionTest::testExtremeValues

Test Code: 
""```java
/**
     * Check to make sure top-coding of extreme values works correctly.
     * Verifies fixes for JIRA MATH-167, MATH-414
     */
    public void testExtremeValues() throws Exception {
        NormalDistribution distribution = new NormalDistributionImpl(0, 1);
        for (int i = 0; i < 100; i++) { // make sure no convergence exception
            double lowerTail = distribution.cumulativeProbability(-i);
            double upperTail = distribution.cumulativeProbability(i);
            if (i < 9) { // make sure not top-coded 
                // For i = 10, due to bad tail precision in erf (MATH-364), 1 is returned
                // TODO: once MATH-364 is resolved, replace 9 with 30
                assertTrue(lowerTail > 0.0d);
                assertTrue(upperTail < 1.0d);
            }
            else { // make sure top coding not reversed
                assertTrue(lowerTail < 0.00001);
                assertTrue(upperTail > 0.99999);
            }
        }
        
        assertEquals(distribution.cumulativeProbability(Double.MAX_VALUE), 1, 0); // error occurred here
        assertEquals(distribution.cumulativeProbability(-Double.MAX_VALUE), 0, 0);
        assertEquals(distribution.cumulativeProbability(Double.POSITIVE_INFINITY), 1, 0);
        assertEquals(distribution.cumulativeProbability(Double.NEGATIVE_INFINITY), 0, 0);
        
   }
```""

Stack Trace: 
""--- org.apache.commons.math.distribution.NormalDistributionTest::testExtremeValues
org.apache.commons.math.ConvergenceException: Continued fraction diverged to NaN for value ∞
	at org.apache.commons.math.util.ContinuedFraction.evaluate(ContinuedFraction.java:186)
	at org.apache.commons.math.special.Gamma.regularizedGammaQ(Gamma.java:266)
	at org.apache.commons.math.special.Gamma.regularizedGammaP(Gamma.java:173)
	at org.apache.commons.math.special.Erf.erf(Erf.java:51)
	at org.apache.commons.math.distribution.NormalDistributionImpl.cumulativeProbability(NormalDistributionImpl.java:127)
	at org.apache.commons.math.distribution.NormalDistributionTest.testExtremeValues(NormalDistributionTest.java:174)
""

Test Output: 
"""""
"Day20250924.v4.Math-60.d4j140-gpt_4_o.txt","1680","TestFailureAnalysis","test_suite","org.apache.commons.math.distribution.NormalDistributionTest"
"Day20250924.v4.Math-60.d4j140-gpt_4_o.txt","1680","TestFailureAnalysis","assistant_response_text","To identify the possible defect in the production code that is causing the test `org.apache.commons.math.distribution.NormalDistributionTest::testExtremeValues` to fail, let's analyze the information provided:

### Analysis of the Test and Error

1. **Test Purpose**: 
   - The `testExtremeValues` method is designed to verify the behavior of the `NormalDistributionImpl` class when dealing with extreme values. It checks that the cumulative probability function handles very large and very small input values correctly.

2. **Error Location**:
   - The error occurs at the assertion `assertEquals(distribution.cumulativeProbability(Double.MAX_VALUE), 1, 0);`. This indicates that the cumulative probability for `Double.MAX_VALUE` is not being calculated as 1.

3. **Stack Trace**:
   - The stack trace shows a `ConvergenceException` with the message ""Continued fraction diverged to NaN for value ∞"". This suggests that the calculation within the `cumulativeProbability` method is not handling extreme values properly, leading to a divergence in the continued fraction evaluation.

4. **Potential Issue**:
   - The error is likely related to the handling of extreme values in the `NormalDistributionImpl` class, specifically in the method that calculates the cumulative probability. The issue may stem from the use of the `Erf.erf` function or the `Gamma.regularizedGammaP` and `Gamma.regularizedGammaQ` functions, which are used to compute the cumulative distribution function (CDF) for a normal distribution.

### Possible Defect in Production Code

Based on the analysis, the possible defect in the production code could be:

- **Precision and Convergence Handling**: The `cumulativeProbability` method in `NormalDistributionImpl` may not be handling extreme values like `Double.MAX_VALUE` and `Double.POSITIVE_INFINITY` correctly. The use of continued fractions or the error function (`Erf.erf`) might not be robust enough to handle these values, leading to precision issues or convergence failures.

- **Handling of Infinity**: The method might not have proper checks or handling for infinite values, which could cause the continued fraction evaluation to diverge or result in NaN.

### Recommendation

To address this defect, the following steps could be taken:

1. **Review and Enhance Precision Handling**: Investigate the implementation of the `cumulativeProbability` method, particularly the parts involving the `Erf.erf` and `Gamma` functions. Ensure that these functions can handle extreme values without losing precision or causing convergence issues.

2. **Special Case Handling for Extremes**: Implement special case handling for extreme values like `Double.MAX_VALUE`, `Double.POSITIVE_INFINITY`, and their negative counterparts. This could involve directly returning 1 or 0 for these cases, as they represent the theoretical bounds of the distribution.

3. **Testing and Validation**: After making changes, thoroughly test the updated implementation with a range of extreme values to ensure that the cumulative probability is calculated correctly and that no convergence exceptions occur.

By addressing these potential issues, the `NormalDistributionImpl` class should be able to handle extreme values more robustly, thereby passing the `testExtremeValues` test."
"Day20250924.v4.Math-60.d4j140-gpt_4_o.txt","1680","TestFailureAnalysis","assistant_response","               --Minh 0. response: ChatCompletion(id='chatcmpl-CIyvkoXzxVGDsgeXxx7jN0lOxMilz', choices=[Choice(finish_reason='stop', index=0, logprobs=None, message=ChatCompletionMessage(content='To identify the possible defect in the production code that is causing the test `org.apache.commons.math.distribution.NormalDistributionTest::testExtremeValues` to fail, let\'s analyze the information provided:\n\n### Analysis of the Test and Error\n\n1. **Test Purpose**: \n   - The `testExtremeValues` method is designed to verify the behavior of the `NormalDistributionImpl` class when dealing with extreme values. It checks that the cumulative probability function handles very large and very small input values correctly.\n\n2. **Error Location**:\n   - The error occurs at the assertion `assertEquals(distribution.cumulativeProbability(Double.MAX_VALUE), 1, 0);`. This indicates that the cumulative probability for `Double.MAX_VALUE` is not being calculated as 1.\n\n3. **Stack Trace**:\n   - The stack trace shows a `ConvergenceException` with the message ""Continued fraction diverged to NaN for value ∞"". This suggests that the calculation within the `cumulativeProbability` method is not handling extreme values properly, leading to a divergence in the continued fraction evaluation.\n\n4. **Potential Issue**:\n   - The error is likely related to the handling of extreme values in the `NormalDistributionImpl` class, specifically in the method that calculates the cumulative probability. The issue may stem from the use of the `Erf.erf` function or the `Gamma.regularizedGammaP` and `Gamma.regularizedGammaQ` functions, which are used to compute the cumulative distribution function (CDF) for a normal distribution.\n\n### Possible Defect in Production Code\n\nBased on the analysis, the possible defect in the production code could be:\n\n- **Precision and Convergence Handling**: The `cumulativeProbability` method in `NormalDistributionImpl` may not be handling extreme values like `Double.MAX_VALUE` and `Double.POSITIVE_INFINITY` correctly. The use of continued fractions or the error function (`Erf.erf`) might not be robust enough to handle these values, leading to precision issues or convergence failures.\n\n- **Handling of Infinity**: The method might not have proper checks or handling for infinite values, which could cause the continued fraction evaluation to diverge or result in NaN.\n\n### Recommendation\n\nTo address this defect, the following steps could be taken:\n\n1. **Review and Enhance Precision Handling**: Investigate the implementation of the `cumulativeProbability` method, particularly the parts involving the `Erf.erf` and `Gamma` functions. Ensure that these functions can handle extreme values without losing precision or causing convergence issues.\n\n2. **Special Case Handling for Extremes**: Implement special case handling for extreme values like `Double.MAX_VALUE`, `Double.POSITIVE_INFINITY`, and their negative counterparts. This could involve directly returning 1 or 0 for these cases, as they represent the theoretical bounds of the distribution.\n\n3. **Testing and Validation**: After making changes, thoroughly test the updated implementation with a range of extreme values to ensure that the cumulative probability is calculated correctly and that no convergence exceptions occur.\n\nBy addressing these potential issues, the `NormalDistributionImpl` class should be able to handle extreme values more robustly, thereby passing the `testExtremeValues` test.', refusal=None, role='assistant', annotations=[], audio=None, function_call=None, tool_calls=None))], created=1758640156, model='gpt-4o-2024-08-06', object='chat.completion', service_tier='default', system_fingerprint='fp_cbf1785567', usage=CompletionUsage(completion_tokens=651, prompt_tokens=1600, total_tokens=2251, completion_tokens_details=CompletionTokensDetails(accepted_prediction_tokens=0, audio_tokens=0, reasoning_tokens=0, rejected_prediction_tokens=0), prompt_tokens_details=PromptTokensDetails(audio_tokens=0, cached_tokens=0))),"
"Day20250924.v4.Math-60.d4j140-gpt_4_o.txt","2644","SearchSuspiciousClass","assistant_role","Software Architect"
"Day20250924.v4.Math-60.d4j140-gpt_4_o.txt","2644","SearchSuspiciousClass","covered_classes","org.apache.commons.math.distribution.AbstractDistribution
org.apache.commons.math.util.ContinuedFraction
org.apache.commons.math.exception.util.LocalizedFormats
org.apache.commons.math.ConvergenceException
org.apache.commons.math.special.Gamma
org.apache.commons.math.random.RandomDataImpl
org.apache.commons.math.distribution.AbstractContinuousDistribution
org.apache.commons.math.MathException
org.apache.commons.math.special.Erf
org.apache.commons.math.util.FastMath
org.apache.commons.math.distribution.NormalDistributionImpl"
"Day20250924.v4.Math-60.d4j140-gpt_4_o.txt","2644","SearchSuspiciousClass","failed_tests","""1) org.apache.commons.math.distribution.NormalDistributionTest::testExtremeValues"
"Day20250924.v4.Math-60.d4j140-gpt_4_o.txt","2644","SearchSuspiciousClass","test_failure_causes","""To identify the possible defect in the production code that is causing the test `org.apache.commons.math.distribution.NormalDistributionTest::testExtremeValues` to fail, let's analyze the information provided:

### Analysis of the Test and Error

1. **Test Purpose**: 
   - The `testExtremeValues` method is designed to verify the behavior of the `NormalDistributionImpl` class when dealing with extreme values. It checks that the cumulative probability function handles very large and very small input values correctly.

2. **Error Location**:
   - The error occurs at the assertion `assertEquals(distribution.cumulativeProbability(Double.MAX_VALUE), 1, 0);`. This indicates that the cumulative probability for `Double.MAX_VALUE` is not being calculated as 1.

3. **Stack Trace**:
   - The stack trace shows a `ConvergenceException` with the message ""Continued fraction diverged to NaN for value ∞"". This suggests that the calculation within the `cumulativeProbability` method is not handling extreme values properly, leading to a divergence in the continued fraction evaluation.

4. **Potential Issue**:
   - The error is likely related to the handling of extreme values in the `NormalDistributionImpl` class, specifically in the method that calculates the cumulative probability. The issue may stem from the use of the `Erf.erf` function or the `Gamma.regularizedGammaP` and `Gamma.regularizedGammaQ` functions, which are used to compute the cumulative distribution function (CDF) for a normal distribution.

### Possible Defect in Production Code

Based on the analysis, the possible defect in the production code could be:

- **Precision and Convergence Handling**: The `cumulativeProbability` method in `NormalDistributionImpl` may not be handling extreme values like `Double.MAX_VALUE` and `Double.POSITIVE_INFINITY` correctly. The use of continued fractions or the error function (`Erf.erf`) might not be robust enough to handle these values, leading to precision issues or convergence failures.

- **Handling of Infinity**: The method might not have proper checks or handling for infinite values, which could cause the continued fraction evaluation to diverge or result in NaN.

### Recommendation

To address this defect, the following steps could be taken:

1. **Review and Enhance Precision Handling**: Investigate the implementation of the `cumulativeProbability` method, particularly the parts involving the `Erf.erf` and `Gamma` functions. Ensure that these functions can handle extreme values without losing precision or causing convergence issues.

2. **Special Case Handling for Extremes**: Implement special case handling for extreme values like `Double.MAX_VALUE`, `Double.POSITIVE_INFINITY`, and their negative counterparts. This could involve directly returning 1 or 0 for these cases, as they represent the theoretical bounds of the distribution.

3. **Testing and Validation**: After making changes, thoroughly test the updated implementation with a range of extreme values to ensure that the cumulative probability is calculated correctly and that no convergence exceptions occur.

By addressing these potential issues, the `NormalDistributionImpl` class should be able to handle extreme values more robustly, thereby passing the `testExtremeValues` test."""
"Day20250924.v4.Math-60.d4j140-gpt_4_o.txt","2644","SearchSuspiciousClass","test_infos","1) Failed Test: org.apache.commons.math.distribution.NormalDistributionTest::testExtremeValues

Test Code: 
""```java
/**
     * Check to make sure top-coding of extreme values works correctly.
     * Verifies fixes for JIRA MATH-167, MATH-414
     */
    public void testExtremeValues() throws Exception {
        NormalDistribution distribution = new NormalDistributionImpl(0, 1);
        for (int i = 0; i < 100; i++) { // make sure no convergence exception
            double lowerTail = distribution.cumulativeProbability(-i);
            double upperTail = distribution.cumulativeProbability(i);
            if (i < 9) { // make sure not top-coded 
                // For i = 10, due to bad tail precision in erf (MATH-364), 1 is returned
                // TODO: once MATH-364 is resolved, replace 9 with 30
                assertTrue(lowerTail > 0.0d);
                assertTrue(upperTail < 1.0d);
            }
            else { // make sure top coding not reversed
                assertTrue(lowerTail < 0.00001);
                assertTrue(upperTail > 0.99999);
            }
        }
        
        assertEquals(distribution.cumulativeProbability(Double.MAX_VALUE), 1, 0); // error occurred here
        assertEquals(distribution.cumulativeProbability(-Double.MAX_VALUE), 0, 0);
        assertEquals(distribution.cumulativeProbability(Double.POSITIVE_INFINITY), 1, 0);
        assertEquals(distribution.cumulativeProbability(Double.NEGATIVE_INFINITY), 0, 0);
        
   }
```""

Stack Trace: 
""--- org.apache.commons.math.distribution.NormalDistributionTest::testExtremeValues
org.apache.commons.math.ConvergenceException: Continued fraction diverged to NaN for value ∞
	at org.apache.commons.math.util.ContinuedFraction.evaluate(ContinuedFraction.java:186)
	at org.apache.commons.math.special.Gamma.regularizedGammaQ(Gamma.java:266)
	at org.apache.commons.math.special.Gamma.regularizedGammaP(Gamma.java:173)
	at org.apache.commons.math.special.Erf.erf(Erf.java:51)
	at org.apache.commons.math.distribution.NormalDistributionImpl.cumulativeProbability(NormalDistributionImpl.java:127)
	at org.apache.commons.math.distribution.NormalDistributionTest.testExtremeValues(NormalDistributionTest.java:174)
""

Test Output: 
"""""
"Day20250924.v4.Math-60.d4j140-gpt_4_o.txt","2644","SearchSuspiciousClass","test_suite","org.apache.commons.math.distribution.NormalDistributionTest"
"Day20250924.v4.Math-60.d4j140-gpt_4_o.txt","2644","SearchSuspiciousClass","assistant_response_text","According to the given information, the test failure in `org.apache.commons.math.distribution.NormalDistributionTest::testExtremeValues` is primarily due to issues with handling extreme values in the cumulative probability calculation. The stack trace indicates that the problem arises from a `ConvergenceException` in the continued fraction evaluation, which is part of the process for computing the cumulative distribution function (CDF) for a normal distribution.

The stack trace specifically points to the `ContinuedFraction.evaluate` method, which is used in the calculation of the error function (`Erf.erf`) and the regularized gamma functions (`Gamma.regularizedGammaP` and `Gamma.regularizedGammaQ`). These functions are critical in the computation of the CDF for the normal distribution.

Given this context, the class that is most likely to be problematic is the one directly involved in the continued fraction evaluation and the handling of extreme values in the CDF calculation. Therefore, the class #org.apache.commons.math.util.ContinuedFraction# is the most suspicious. This class is responsible for the continued fraction evaluation, which is where the convergence issue is occurring, leading to the test failure."
"Day20250924.v4.Math-60.d4j140-gpt_4_o.txt","2644","SearchSuspiciousClass","assistant_response","               --Minh 0. response: ChatCompletion(id='chatcmpl-CIyw5I5jaugCefMBylkOfFYTAkWuo', choices=[Choice(finish_reason='stop', index=0, logprobs=None, message=ChatCompletionMessage(content='According to the given information, the test failure in `org.apache.commons.math.distribution.NormalDistributionTest::testExtremeValues` is primarily due to issues with handling extreme values in the cumulative probability calculation. The stack trace indicates that the problem arises from a `ConvergenceException` in the continued fraction evaluation, which is part of the process for computing the cumulative distribution function (CDF) for a normal distribution.\n\nThe stack trace specifically points to the `ContinuedFraction.evaluate` method, which is used in the calculation of the error function (`Erf.erf`) and the regularized gamma functions (`Gamma.regularizedGammaP` and `Gamma.regularizedGammaQ`). These functions are critical in the computation of the CDF for the normal distribution.\n\nGiven this context, the class that is most likely to be problematic is the one directly involved in the continued fraction evaluation and the handling of extreme values in the CDF calculation. Therefore, the class #org.apache.commons.math.util.ContinuedFraction# is the most suspicious. This class is responsible for the continued fraction evaluation, which is where the convergence issue is occurring, leading to the test failure.', refusal=None, role='assistant', annotations=[], audio=None, function_call=None, tool_calls=None))], created=1758640177, model='gpt-4o-2024-08-06', object='chat.completion', service_tier='default', system_fingerprint='fp_f33640a400', usage=CompletionUsage(completion_tokens=231, prompt_tokens=1620, total_tokens=1851, completion_tokens_details=CompletionTokensDetails(accepted_prediction_tokens=0, audio_tokens=0, reasoning_tokens=0, rejected_prediction_tokens=0), prompt_tokens_details=PromptTokensDetails(audio_tokens=0, cached_tokens=0))),"
"Day20250924.v4.Math-60.d4j140-gpt_4_o.txt","3315","MethodDocEnhancement","assistant_role","Source Code Reviewer"
"Day20250924.v4.Math-60.d4j140-gpt_4_o.txt","3315","MethodDocEnhancement","class_documentation","Provides a generic means to evaluate continued fractions.  Subclasses simply provided the a and b coefficients to evaluate the continued fraction.  <p> References: <ul> <li><a href=""http://mathworld.wolfram.com/ContinuedFraction.html""> Continued Fraction</a></li> </ul> </p>  @version $Revision$ $Date$ """
"Day20250924.v4.Math-60.d4j140-gpt_4_o.txt","3315","MethodDocEnhancement","class_name","org.apache.commons.math.util.ContinuedFraction"
"Day20250924.v4.Math-60.d4j140-gpt_4_o.txt","3315","MethodDocEnhancement","methods","```java
// 1) Method Full Name: ""org.apache.commons.math.util.ContinuedFraction::evaluate(double,double,int)""
// Original Comment: "" <p> Evaluates the continued fraction at the value x. </p>  <p> The implementation of this method is based on equations 14-17 of: <ul> <li> Eric W. Weisstein. ""Continued Fraction."" From MathWorld--A Wolfram Web Resource. <a target=""_blank"" href=""http://mathworld.wolfram.com/ContinuedFraction.html""> http://mathworld.wolfram.com/ContinuedFraction.html</a> </li> </ul> The recurrence relationship defined in those equations can result in very large intermediate results which can result in numerical overflow. As a means to combat these overflow conditions, the intermediate results are scaled whenever they threaten to become numerically unstable.</p>  @param x the evaluation point. @param epsilon maximum error allowed. @param maxIterations maximum number of convergents @return the value of the continued fraction evaluated at x. @throws MathException if the algorithm fails to converge. ""
    public double evaluate(double x, double epsilon, int maxIterations)
        throws MathException
    {
        double p0 = 1.0;
        double p1 = getA(0, x);
        double q0 = 0.0;
        double q1 = 1.0;
        double c = p1 / q1;
        int n = 0;
        double relativeError = Double.MAX_VALUE;
        while (n < maxIterations && relativeError > epsilon) {
            ++n;
            double a = getA(n, x);
            double b = getB(n, x);
            double p2 = a * p1 + b * p0;
            double q2 = a * q1 + b * q0;
            boolean infinite = false;
            if (Double.isInfinite(p2) || Double.isInfinite(q2)) {
                /*
                 * Need to scale. Try successive powers of the larger of a or b
                 * up to 5th power. Throw ConvergenceException if one or both
                 * of p2, q2 still overflow.
                 */
                double scaleFactor = 1d;
                double lastScaleFactor = 1d;
                final int maxPower = 5;
                final double scale = FastMath.max(a,b);
                if (scale <= 0) {  // Can't scale
                    throw new ConvergenceException(
                            LocalizedFormats.CONTINUED_FRACTION_INFINITY_DIVERGENCE,
                             x);
                }
                infinite = true;
                for (int i = 0; i < maxPower; i++) {
                    lastScaleFactor = scaleFactor;
                    scaleFactor *= scale;
                    if (a != 0.0 && a > b) {
                        p2 = p1 / lastScaleFactor + (b / scaleFactor * p0);
                        q2 = q1 / lastScaleFactor + (b / scaleFactor * q0);
                    } else if (b != 0) {
                        p2 = (a / scaleFactor * p1) + p0 / lastScaleFactor;
                        q2 = (a / scaleFactor * q1) + q0 / lastScaleFactor;
                    }
                    infinite = Double.isInfinite(p2) || Double.isInfinite(q2);
                    if (!infinite) {
                        break;
                    }
                }
            }

            if (infinite) {
               // Scaling failed
               throw new ConvergenceException(
                 LocalizedFormats.CONTINUED_FRACTION_INFINITY_DIVERGENCE,
                  x);
            }

            double r = p2 / q2;

            if (Double.isNaN(r)) {
                throw new ConvergenceException(
                  LocalizedFormats.CONTINUED_FRACTION_NAN_DIVERGENCE,
                  x);
            }
            relativeError = FastMath.abs(r / c - 1.0);

            // prepare for next iteration
            c = p2 / q2;
            p0 = p1;
            p1 = p2;
            q0 = q1;
            q1 = q2;
        }

        if (n >= maxIterations) {
            throw new MaxIterationsExceededException(maxIterations,
                LocalizedFormats.NON_CONVERGENT_CONTINUED_FRACTION,
                x);
        }

        return c;
    }

// 2) Method Full Name: ""org.apache.commons.math.util.ContinuedFraction::ContinuedFraction()""
// Original Comment: "" Default constructor. ""
    protected ContinuedFraction() {
        super();
    }

```"
"Day20250924.v4.Math-60.d4j140-gpt_4_o.txt","3315","MethodDocEnhancement","assistant_response_text","```markdown
| Method Full Name | Method Summary |
| --- | --- |
| org.apache.commons.math.util.ContinuedFraction::evaluate(double,double,int) | This method evaluates the continued fraction at a given value x, using a recurrence relationship to compute convergents. It handles potential numerical overflow by scaling intermediate results. The method does not call any other covered methods. |
| org.apache.commons.math.util.ContinuedFraction::ContinuedFraction() | This is the default constructor for the ContinuedFraction class. It does not perform any operations or call any other covered methods. |
```"
"Day20250924.v4.Math-60.d4j140-gpt_4_o.txt","3315","MethodDocEnhancement","assistant_response","               --Minh 0. response: ChatCompletion(id='chatcmpl-CIywCaYWf6kVnyfCz65eBQSMy8Z89', choices=[Choice(finish_reason='stop', index=0, logprobs=None, message=ChatCompletionMessage(content='```markdown\n| Method Full Name | Method Summary |\n| --- | --- |\n| org.apache.commons.math.util.ContinuedFraction::evaluate(double,double,int) | This method evaluates the continued fraction at a given value x, using a recurrence relationship to compute convergents. It handles potential numerical overflow by scaling intermediate results. The method does not call any other covered methods. |\n| org.apache.commons.math.util.ContinuedFraction::ContinuedFraction() | This is the default constructor for the ContinuedFraction class. It does not perform any operations or call any other covered methods. |\n```', refusal=None, role='assistant', annotations=[], audio=None, function_call=None, tool_calls=None))], created=1758640184, model='gpt-4o-2024-08-06', object='chat.completion', service_tier='default', system_fingerprint='fp_f33640a400', usage=CompletionUsage(completion_tokens=118, prompt_tokens=1346, total_tokens=1464, completion_tokens_details=CompletionTokensDetails(accepted_prediction_tokens=0, audio_tokens=0, reasoning_tokens=0, rejected_prediction_tokens=0), prompt_tokens_details=PromptTokensDetails(audio_tokens=0, cached_tokens=0))),"
"Day20250924.v4.Math-60.d4j140-gpt_4_o.txt","4105","FindRelatedMethods","assistant_role","Software Architect"
"Day20250924.v4.Math-60.d4j140-gpt_4_o.txt","4105","FindRelatedMethods","class_documentation","Provides a generic means to evaluate continued fractions.  Subclasses simply provided the a and b coefficients to evaluate the continued fraction.  <p> References: <ul> <li><a href=""http://mathworld.wolfram.com/ContinuedFraction.html""> Continued Fraction</a></li> </ul> </p>  @version $Revision$ $Date$ """
"Day20250924.v4.Math-60.d4j140-gpt_4_o.txt","4105","FindRelatedMethods","class_name","org.apache.commons.math.util.ContinuedFraction"
"Day20250924.v4.Math-60.d4j140-gpt_4_o.txt","4105","FindRelatedMethods","failed_tests","""1) org.apache.commons.math.distribution.NormalDistributionTest::testExtremeValues"
"Day20250924.v4.Math-60.d4j140-gpt_4_o.txt","4105","FindRelatedMethods","methods_list","| Index | Method Full Name | Method Comment |
| --- | --- | --- |
| 1 | org.apache.commons.math.util.ContinuedFraction::evaluate(double,double,int) | This method evaluates the continued fraction at a given value x, using a recurrence relationship to compute convergents. It handles potential numerical overflow by scaling intermediate results. The method does not call any other covered methods. |
| 2 | org.apache.commons.math.util.ContinuedFraction::ContinuedFraction() | This is the default constructor for the ContinuedFraction class. It does not perform any operations or call any other covered methods. |"
"Day20250924.v4.Math-60.d4j140-gpt_4_o.txt","4105","FindRelatedMethods","test_failure_causes","""To identify the possible defect in the production code that is causing the test `org.apache.commons.math.distribution.NormalDistributionTest::testExtremeValues` to fail, let's analyze the information provided:

### Analysis of the Test and Error

1. **Test Purpose**: 
   - The `testExtremeValues` method is designed to verify the behavior of the `NormalDistributionImpl` class when dealing with extreme values. It checks that the cumulative probability function handles very large and very small input values correctly.

2. **Error Location**:
   - The error occurs at the assertion `assertEquals(distribution.cumulativeProbability(Double.MAX_VALUE), 1, 0);`. This indicates that the cumulative probability for `Double.MAX_VALUE` is not being calculated as 1.

3. **Stack Trace**:
   - The stack trace shows a `ConvergenceException` with the message ""Continued fraction diverged to NaN for value ∞"". This suggests that the calculation within the `cumulativeProbability` method is not handling extreme values properly, leading to a divergence in the continued fraction evaluation.

4. **Potential Issue**:
   - The error is likely related to the handling of extreme values in the `NormalDistributionImpl` class, specifically in the method that calculates the cumulative probability. The issue may stem from the use of the `Erf.erf` function or the `Gamma.regularizedGammaP` and `Gamma.regularizedGammaQ` functions, which are used to compute the cumulative distribution function (CDF) for a normal distribution.

### Possible Defect in Production Code

Based on the analysis, the possible defect in the production code could be:

- **Precision and Convergence Handling**: The `cumulativeProbability` method in `NormalDistributionImpl` may not be handling extreme values like `Double.MAX_VALUE` and `Double.POSITIVE_INFINITY` correctly. The use of continued fractions or the error function (`Erf.erf`) might not be robust enough to handle these values, leading to precision issues or convergence failures.

- **Handling of Infinity**: The method might not have proper checks or handling for infinite values, which could cause the continued fraction evaluation to diverge or result in NaN.

### Recommendation

To address this defect, the following steps could be taken:

1. **Review and Enhance Precision Handling**: Investigate the implementation of the `cumulativeProbability` method, particularly the parts involving the `Erf.erf` and `Gamma` functions. Ensure that these functions can handle extreme values without losing precision or causing convergence issues.

2. **Special Case Handling for Extremes**: Implement special case handling for extreme values like `Double.MAX_VALUE`, `Double.POSITIVE_INFINITY`, and their negative counterparts. This could involve directly returning 1 or 0 for these cases, as they represent the theoretical bounds of the distribution.

3. **Testing and Validation**: After making changes, thoroughly test the updated implementation with a range of extreme values to ensure that the cumulative probability is calculated correctly and that no convergence exceptions occur.

By addressing these potential issues, the `NormalDistributionImpl` class should be able to handle extreme values more robustly, thereby passing the `testExtremeValues` test."""
"Day20250924.v4.Math-60.d4j140-gpt_4_o.txt","4105","FindRelatedMethods","test_infos","1) Failed Test: org.apache.commons.math.distribution.NormalDistributionTest::testExtremeValues

Test Code: 
""```java
/**
     * Check to make sure top-coding of extreme values works correctly.
     * Verifies fixes for JIRA MATH-167, MATH-414
     */
    public void testExtremeValues() throws Exception {
        NormalDistribution distribution = new NormalDistributionImpl(0, 1);
        for (int i = 0; i < 100; i++) { // make sure no convergence exception
            double lowerTail = distribution.cumulativeProbability(-i);
            double upperTail = distribution.cumulativeProbability(i);
            if (i < 9) { // make sure not top-coded 
                // For i = 10, due to bad tail precision in erf (MATH-364), 1 is returned
                // TODO: once MATH-364 is resolved, replace 9 with 30
                assertTrue(lowerTail > 0.0d);
                assertTrue(upperTail < 1.0d);
            }
            else { // make sure top coding not reversed
                assertTrue(lowerTail < 0.00001);
                assertTrue(upperTail > 0.99999);
            }
        }
        
        assertEquals(distribution.cumulativeProbability(Double.MAX_VALUE), 1, 0); // error occurred here
        assertEquals(distribution.cumulativeProbability(-Double.MAX_VALUE), 0, 0);
        assertEquals(distribution.cumulativeProbability(Double.POSITIVE_INFINITY), 1, 0);
        assertEquals(distribution.cumulativeProbability(Double.NEGATIVE_INFINITY), 0, 0);
        
   }
```""

Stack Trace: 
""--- org.apache.commons.math.distribution.NormalDistributionTest::testExtremeValues
org.apache.commons.math.ConvergenceException: Continued fraction diverged to NaN for value ∞
	at org.apache.commons.math.util.ContinuedFraction.evaluate(ContinuedFraction.java:186)
	at org.apache.commons.math.special.Gamma.regularizedGammaQ(Gamma.java:266)
	at org.apache.commons.math.special.Gamma.regularizedGammaP(Gamma.java:173)
	at org.apache.commons.math.special.Erf.erf(Erf.java:51)
	at org.apache.commons.math.distribution.NormalDistributionImpl.cumulativeProbability(NormalDistributionImpl.java:127)
	at org.apache.commons.math.distribution.NormalDistributionTest.testExtremeValues(NormalDistributionTest.java:174)
""

Test Output: 
"""""
"Day20250924.v4.Math-60.d4j140-gpt_4_o.txt","4105","FindRelatedMethods","test_suite","org.apache.commons.math.distribution.NormalDistributionTest"
"Day20250924.v4.Math-60.d4j140-gpt_4_o.txt","4105","FindRelatedMethods","assistant_response_text","'''

[1] **org.apache.commons.math.util.ContinuedFraction::evaluate(double,double,int)**: This method is suspicious because it evaluates the continued fraction at a given value, and the stack trace indicates that a `ConvergenceException` occurred during this evaluation. The method's handling of extreme values or its convergence criteria might be inadequate, leading to the divergence to NaN for large inputs like `Double.MAX_VALUE` or `Double.POSITIVE_INFINITY`.

'''"
"Day20250924.v4.Math-60.d4j140-gpt_4_o.txt","4105","FindRelatedMethods","assistant_response","               --Minh 0. response: ChatCompletion(id='chatcmpl-CIywIgcE4YQ0BWKJk6OTrTlCfVcDx', choices=[Choice(finish_reason='stop', index=0, logprobs=None, message=ChatCompletionMessage(content=""'''\n\n[1] **org.apache.commons.math.util.ContinuedFraction::evaluate(double,double,int)**: This method is suspicious because it evaluates the continued fraction at a given value, and the stack trace indicates that a `ConvergenceException` occurred during this evaluation. The method's handling of extreme values or its convergence criteria might be inadequate, leading to the divergence to NaN for large inputs like `Double.MAX_VALUE` or `Double.POSITIVE_INFINITY`.\n\n'''"", refusal=None, role='assistant', annotations=[], audio=None, function_call=None, tool_calls=None))], created=1758640190, model='gpt-4o-2024-08-06', object='chat.completion', service_tier='default', system_fingerprint='fp_f33640a400', usage=CompletionUsage(completion_tokens=92, prompt_tokens=1775, total_tokens=1867, completion_tokens_details=CompletionTokensDetails(accepted_prediction_tokens=0, audio_tokens=0, reasoning_tokens=0, rejected_prediction_tokens=0), prompt_tokens_details=PromptTokensDetails(audio_tokens=0, cached_tokens=0))),"
"Day20250924.v4.Math-60.d4j140-gpt_4_o.txt","5276","MethodReview","assistant_role","Software Test Engineer"
"Day20250924.v4.Math-60.d4j140-gpt_4_o.txt","5276","MethodReview","class_doc","Provides a generic means to evaluate continued fractions.  Subclasses simply provided the a and b coefficients to evaluate the continued fraction.  <p> References: <ul> <li><a href="
"Day20250924.v4.Math-60.d4j140-gpt_4_o.txt","5276","MethodReview","class_name","org.apache.commons.math.util.ContinuedFraction"
"Day20250924.v4.Math-60.d4j140-gpt_4_o.txt","5276","MethodReview","failed_tests","""1) org.apache.commons.math.distribution.NormalDistributionTest::testExtremeValues"
"Day20250924.v4.Math-60.d4j140-gpt_4_o.txt","5276","MethodReview","method_code","""```java
    public double evaluate(double x, double epsilon, int maxIterations)
        throws MathException
    {
        double p0 = 1.0;
        double p1 = getA(0, x);
        double q0 = 0.0;
        double q1 = 1.0;
        double c = p1 / q1;
        int n = 0;
        double relativeError = Double.MAX_VALUE;
        while (n < maxIterations && relativeError > epsilon) {
            ++n;
            double a = getA(n, x);
            double b = getB(n, x);
            double p2 = a * p1 + b * p0;
            double q2 = a * q1 + b * q0;
            boolean infinite = false;
            if (Double.isInfinite(p2) || Double.isInfinite(q2)) {
                /*
                 * Need to scale. Try successive powers of the larger of a or b
                 * up to 5th power. Throw ConvergenceException if one or both
                 * of p2, q2 still overflow.
                 */
                double scaleFactor = 1d;
                double lastScaleFactor = 1d;
                final int maxPower = 5;
                final double scale = FastMath.max(a,b);
                if (scale <= 0) {  // Can't scale
                    throw new ConvergenceException(
                            LocalizedFormats.CONTINUED_FRACTION_INFINITY_DIVERGENCE,
                             x);
                }
                infinite = true;
                for (int i = 0; i < maxPower; i++) {
                    lastScaleFactor = scaleFactor;
                    scaleFactor *= scale;
                    if (a != 0.0 && a > b) {
                        p2 = p1 / lastScaleFactor + (b / scaleFactor * p0);
                        q2 = q1 / lastScaleFactor + (b / scaleFactor * q0);
                    } else if (b != 0) {
                        p2 = (a / scaleFactor * p1) + p0 / lastScaleFactor;
                        q2 = (a / scaleFactor * q1) + q0 / lastScaleFactor;
                    }
                    infinite = Double.isInfinite(p2) || Double.isInfinite(q2);
                    if (!infinite) {
                        break;
                    }
                }
            }

            if (infinite) {
               // Scaling failed
               throw new ConvergenceException(
                 LocalizedFormats.CONTINUED_FRACTION_INFINITY_DIVERGENCE,
                  x);
            }

            double r = p2 / q2;

            if (Double.isNaN(r)) {
                throw new ConvergenceException(
                  LocalizedFormats.CONTINUED_FRACTION_NAN_DIVERGENCE,
                  x);
            }
            relativeError = FastMath.abs(r / c - 1.0);

            // prepare for next iteration
            c = p2 / q2;
            p0 = p1;
            p1 = p2;
            q0 = q1;
            q1 = q2;
        }

        if (n >= maxIterations) {
            throw new MaxIterationsExceededException(maxIterations,
                LocalizedFormats.NON_CONVERGENT_CONTINUED_FRACTION,
                x);
        }

        return c;
    }

```"""
"Day20250924.v4.Math-60.d4j140-gpt_4_o.txt","5276","MethodReview","method_doc","<p> Evaluates the continued fraction at the value x. </p>  <p> The implementation of this method is based on equations 14-17 of: <ul> <li> Eric W. Weisstein."
"Day20250924.v4.Math-60.d4j140-gpt_4_o.txt","5276","MethodReview","method_name","org.apache.commons.math.util.ContinuedFraction::evaluate(double,double,int)"
"Day20250924.v4.Math-60.d4j140-gpt_4_o.txt","5276","MethodReview","test_failure_causes","""To identify the possible defect in the production code that is causing the test `org.apache.commons.math.distribution.NormalDistributionTest::testExtremeValues` to fail, let's analyze the information provided:

### Analysis of the Test and Error

1. **Test Purpose**: 
   - The `testExtremeValues` method is designed to verify the behavior of the `NormalDistributionImpl` class when dealing with extreme values. It checks that the cumulative probability function handles very large and very small input values correctly.

2. **Error Location**:
   - The error occurs at the assertion `assertEquals(distribution.cumulativeProbability(Double.MAX_VALUE), 1, 0);`. This indicates that the cumulative probability for `Double.MAX_VALUE` is not being calculated as 1.

3. **Stack Trace**:
   - The stack trace shows a `ConvergenceException` with the message ""Continued fraction diverged to NaN for value ∞"". This suggests that the calculation within the `cumulativeProbability` method is not handling extreme values properly, leading to a divergence in the continued fraction evaluation.

4. **Potential Issue**:
   - The error is likely related to the handling of extreme values in the `NormalDistributionImpl` class, specifically in the method that calculates the cumulative probability. The issue may stem from the use of the `Erf.erf` function or the `Gamma.regularizedGammaP` and `Gamma.regularizedGammaQ` functions, which are used to compute the cumulative distribution function (CDF) for a normal distribution.

### Possible Defect in Production Code

Based on the analysis, the possible defect in the production code could be:

- **Precision and Convergence Handling**: The `cumulativeProbability` method in `NormalDistributionImpl` may not be handling extreme values like `Double.MAX_VALUE` and `Double.POSITIVE_INFINITY` correctly. The use of continued fractions or the error function (`Erf.erf`) might not be robust enough to handle these values, leading to precision issues or convergence failures.

- **Handling of Infinity**: The method might not have proper checks or handling for infinite values, which could cause the continued fraction evaluation to diverge or result in NaN.

### Recommendation

To address this defect, the following steps could be taken:

1. **Review and Enhance Precision Handling**: Investigate the implementation of the `cumulativeProbability` method, particularly the parts involving the `Erf.erf` and `Gamma` functions. Ensure that these functions can handle extreme values without losing precision or causing convergence issues.

2. **Special Case Handling for Extremes**: Implement special case handling for extreme values like `Double.MAX_VALUE`, `Double.POSITIVE_INFINITY`, and their negative counterparts. This could involve directly returning 1 or 0 for these cases, as they represent the theoretical bounds of the distribution.

3. **Testing and Validation**: After making changes, thoroughly test the updated implementation with a range of extreme values to ensure that the cumulative probability is calculated correctly and that no convergence exceptions occur.

By addressing these potential issues, the `NormalDistributionImpl` class should be able to handle extreme values more robustly, thereby passing the `testExtremeValues` test."""
"Day20250924.v4.Math-60.d4j140-gpt_4_o.txt","5276","MethodReview","test_infos","1) Failed Test: org.apache.commons.math.distribution.NormalDistributionTest::testExtremeValues

Test Code: 
""```java
/**
     * Check to make sure top-coding of extreme values works correctly.
     * Verifies fixes for JIRA MATH-167, MATH-414
     */
    public void testExtremeValues() throws Exception {
        NormalDistribution distribution = new NormalDistributionImpl(0, 1);
        for (int i = 0; i < 100; i++) { // make sure no convergence exception
            double lowerTail = distribution.cumulativeProbability(-i);
            double upperTail = distribution.cumulativeProbability(i);
            if (i < 9) { // make sure not top-coded 
                // For i = 10, due to bad tail precision in erf (MATH-364), 1 is returned
                // TODO: once MATH-364 is resolved, replace 9 with 30
                assertTrue(lowerTail > 0.0d);
                assertTrue(upperTail < 1.0d);
            }
            else { // make sure top coding not reversed
                assertTrue(lowerTail < 0.00001);
                assertTrue(upperTail > 0.99999);
            }
        }
        
        assertEquals(distribution.cumulativeProbability(Double.MAX_VALUE), 1, 0); // error occurred here
        assertEquals(distribution.cumulativeProbability(-Double.MAX_VALUE), 0, 0);
        assertEquals(distribution.cumulativeProbability(Double.POSITIVE_INFINITY), 1, 0);
        assertEquals(distribution.cumulativeProbability(Double.NEGATIVE_INFINITY), 0, 0);
        
   }
```""

Stack Trace: 
""--- org.apache.commons.math.distribution.NormalDistributionTest::testExtremeValues
org.apache.commons.math.ConvergenceException: Continued fraction diverged to NaN for value ∞
	at org.apache.commons.math.util.ContinuedFraction.evaluate(ContinuedFraction.java:186)
	at org.apache.commons.math.special.Gamma.regularizedGammaQ(Gamma.java:266)
	at org.apache.commons.math.special.Gamma.regularizedGammaP(Gamma.java:173)
	at org.apache.commons.math.special.Erf.erf(Erf.java:51)
	at org.apache.commons.math.distribution.NormalDistributionImpl.cumulativeProbability(NormalDistributionImpl.java:127)
	at org.apache.commons.math.distribution.NormalDistributionTest.testExtremeValues(NormalDistributionTest.java:174)
""

Test Output: 
"""""
"Day20250924.v4.Math-60.d4j140-gpt_4_o.txt","5276","MethodReview","test_suite","org.apache.commons.math.distribution.NormalDistributionTest"
"Day20250924.v4.Math-60.d4j140-gpt_4_o.txt","5276","MethodReview","assistant_response_text","#9# This method is very likely to be the best location that needs to be fixed because the stack trace indicates a ConvergenceException due to the continued fraction diverging to NaN, which directly points to issues in the evaluate method. The method's handling of extreme values and scaling logic appears to be insufficient, leading to numerical instability and failure to converge, especially for extreme inputs like Double.MAX_VALUE and Double.POSITIVE_INFINITY."
"Day20250924.v4.Math-60.d4j140-gpt_4_o.txt","5276","MethodReview","assistant_response","               --Minh 0. response: ChatCompletion(id='chatcmpl-CIywMRu6nqaoLZh8vxunQK1JSiTjs', choices=[Choice(finish_reason='stop', index=0, logprobs=None, message=ChatCompletionMessage(content=""#9# This method is very likely to be the best location that needs to be fixed because the stack trace indicates a ConvergenceException due to the continued fraction diverging to NaN, which directly points to issues in the evaluate method. The method's handling of extreme values and scaling logic appears to be insufficient, leading to numerical instability and failure to converge, especially for extreme inputs like Double.MAX_VALUE and Double.POSITIVE_INFINITY."", refusal=None, role='assistant', annotations=[], audio=None, function_call=None, tool_calls=None))], created=1758640194, model='gpt-4o-2024-08-06', object='chat.completion', service_tier='default', system_fingerprint='fp_cbf1785567', usage=CompletionUsage(completion_tokens=86, prompt_tokens=2609, total_tokens=2695, completion_tokens_details=CompletionTokensDetails(accepted_prediction_tokens=0, audio_tokens=0, reasoning_tokens=0, rejected_prediction_tokens=0), prompt_tokens_details=PromptTokensDetails(audio_tokens=0, cached_tokens=0))),"
